{
    "Champion Correct": {
        "Races Left: 18": 0.559,
        "Races Left: 17": 0.6095,
        "Races Left: 16": 0.61,
        "Races Left: 15": 0.659625,
        "Races Left: 14": 0.6184444444444445,
        "Races Left: 13": 0.7329,
        "Races Left: 12": 0.6714,
        "Races Left: 11": 0.6329,
        "Races Left: 10": 0.745909090909091,
        "Races Left: 9": 0.6971818181818182,
        "Races Left: 8": 0.7400909090909091,
        "Races Left: 7": 0.7795454545454544,
        "Races Left: 6": 0.8199090909090909,
        "Races Left: 5": 0.8633636363636363,
        "Races Left: 4": 0.9254545454545454,
        "Races Left: 3": 0.9500909090909091,
        "Races Left: 2": 0.9414545454545454,
        "Races Left: 1": 0.9379090909090909
    },
    "Champion in T2": {
        "Races Left: 18": 0.828,
        "Races Left: 17": 0.8345,
        "Races Left: 16": 0.8894,
        "Races Left: 15": 0.912625,
        "Races Left: 14": 0.9173333333333333,
        "Races Left: 13": 0.9606,
        "Races Left: 12": 0.9602999999999999,
        "Races Left: 11": 0.9542999999999999,
        "Races Left: 10": 0.9829090909090908,
        "Races Left: 9": 0.9714545454545455,
        "Races Left: 8": 0.9899090909090908,
        "Races Left: 7": 0.9893636363636363,
        "Races Left: 6": 0.9939999999999999,
        "Races Left: 5": 0.9890909090909091,
        "Races Left: 4": 0.9957272727272727,
        "Races Left: 3": 1.0,
        "Races Left: 2": 0.9977272727272727,
        "Races Left: 1": 0.998090909090909
    },
    "Champion in T3": {
        "Races Left: 18": 0.9430000000000001,
        "Races Left: 17": 0.9665,
        "Races Left: 16": 0.9794,
        "Races Left: 15": 0.97875,
        "Races Left: 14": 0.9842222222222223,
        "Races Left: 13": 0.9958,
        "Races Left: 12": 0.9945999999999999,
        "Races Left: 11": 0.9941000000000001,
        "Races Left: 10": 0.9984545454545455,
        "Races Left: 9": 0.9995454545454546,
        "Races Left: 8": 1.0,
        "Races Left: 7": 1.0,
        "Races Left: 6": 1.0,
        "Races Left: 5": 1.0,
        "Races Left: 4": 1.0,
        "Races Left: 3": 1.0,
        "Races Left: 2": 1.0,
        "Races Left: 1": 1.0
    },
    "MARE": {
        "Races Left: 18": 2.9284345238095133,
        "Races Left: 17": 2.7455714285714277,
        "Races Left: 16": 2.316472077922075,
        "Races Left: 15": 2.2342094426406924,
        "Races Left: 14": 2.073232169521301,
        "Races Left: 13": 1.9364228844344065,
        "Races Left: 12": 1.7429850075287034,
        "Races Left: 11": 1.6168139036325992,
        "Races Left: 10": 1.6069277612374462,
        "Races Left: 9": 1.527925816607636,
        "Races Left: 8": 1.4010150659617069,
        "Races Left: 7": 1.2642145543521035,
        "Races Left: 6": 1.1322720975993692,
        "Races Left: 5": 0.9794056627825409,
        "Races Left: 4": 0.8524931685573987,
        "Races Left: 3": 0.7027341255582367,
        "Races Left: 2": 0.5594815461218628,
        "Races Left: 1": 0.3552264223260276
    },
    "Mean Absolute Error": {
        "Races Left: 18": 43.622315476190515,
        "Races Left: 17": 39.86567857142856,
        "Races Left: 16": 37.94883679653678,
        "Races Left: 15": 34.85704768668831,
        "Races Left: 14": 31.02911843329778,
        "Races Left: 13": 27.800206290702068,
        "Races Left: 12": 25.608279115377382,
        "Races Left: 11": 23.56465494447581,
        "Races Left: 10": 21.94300685240319,
        "Races Left: 9": 20.191339932070562,
        "Races Left: 8": 18.28507173228617,
        "Races Left: 7": 16.32345063737317,
        "Races Left: 6": 14.4492114205294,
        "Races Left: 5": 12.345571850777674,
        "Races Left: 4": 10.443857672432962,
        "Races Left: 3": 8.639406831442601,
        "Races Left: 2": 6.38474685120545,
        "Races Left: 1": 3.7884241722704175
    },
    "R2": {
        "Races Left: 18": 0.7642864756794767,
        "Races Left: 17": 0.8086103660721625,
        "Races Left: 16": 0.8095947622677432,
        "Races Left: 15": 0.8248408897433233,
        "Races Left: 14": 0.8569092281004669,
        "Races Left: 13": 0.884424548729777,
        "Races Left: 12": 0.9016808529342495,
        "Races Left: 11": 0.9171228639056108,
        "Races Left: 10": 0.9168932056794713,
        "Races Left: 9": 0.9293435597057194,
        "Races Left: 8": 0.9417400111228157,
        "Races Left: 7": 0.9517930454020607,
        "Races Left: 6": 0.9621990386093142,
        "Races Left: 5": 0.9735581647639324,
        "Races Left: 4": 0.9806262090073066,
        "Races Left: 3": 0.9862046379684523,
        "Races Left: 2": 0.9924229817599488,
        "Races Left: 1": 0.9966071687273567
    },
    "RMSE": {
        "Races Left: 18": 64.6974158890835,
        "Races Left: 17": 58.25701108453223,
        "Races Left: 16": 56.07640375780452,
        "Races Left: 15": 51.79044254327388,
        "Races Left: 14": 46.13111278429273,
        "Races Left: 13": 40.92747660036748,
        "Races Left: 12": 37.97487668414587,
        "Races Left: 11": 34.9603443743811,
        "Races Left: 10": 32.148328883085135,
        "Races Left: 9": 29.731097572980307,
        "Races Left: 8": 26.98700443200694,
        "Races Left: 7": 24.257056568985153,
        "Races Left: 6": 21.507115604813603,
        "Races Left: 5": 18.291255294399864,
        "Races Left: 4": 15.525145889926069,
        "Races Left: 3": 13.03867416430209,
        "Races Left: 2": 9.733638203091107,
        "Races Left: 1": 6.266463417151535
    },
    "Spearman Rho": {
        "Races Left: 18": 0.8101763636363624,
        "Races Left: 17": 0.8253958385093176,
        "Races Left: 16": 0.8681071981931108,
        "Races Left: 15": 0.8766658602038696,
        "Races Left: 14": 0.8923693825472776,
        "Races Left: 13": 0.9028839402359654,
        "Races Left: 12": 0.9202760559006204,
        "Races Left: 11": 0.9287339087342865,
        "Races Left: 10": 0.9293518283671809,
        "Races Left: 9": 0.9351795118320417,
        "Races Left: 8": 0.9434698603767777,
        "Races Left: 7": 0.9523625645500744,
        "Races Left: 6": 0.9598998130161918,
        "Races Left: 5": 0.968312344227439,
        "Races Left: 4": 0.9740167578396218,
        "Races Left: 3": 0.9818359564650035,
        "Races Left: 2": 0.9869164171027633,
        "Races Left: 1": 0.9928548913246108
    },
    "T10 Correct": {
        "Races Left: 18": 0.018500000000000003,
        "Races Left: 17": 0.0205,
        "Races Left: 16": 0.0344,
        "Races Left: 15": 0.03125,
        "Races Left: 14": 0.055,
        "Races Left: 13": 0.0744,
        "Races Left: 12": 0.1244,
        "Races Left: 11": 0.1583,
        "Races Left: 10": 0.18836363636363637,
        "Races Left: 9": 0.20472727272727276,
        "Races Left: 8": 0.24027272727272725,
        "Races Left: 7": 0.25827272727272726,
        "Races Left: 6": 0.31563636363636366,
        "Races Left: 5": 0.34327272727272723,
        "Races Left: 4": 0.3785454545454545,
        "Races Left: 3": 0.4435454545454545,
        "Races Left: 2": 0.5046363636363637,
        "Races Left: 1": 0.6246363636363635
    },
    "T10 Order Correct": {
        "Races Left: 18": 0.0,
        "Races Left: 17": 0.0,
        "Races Left: 16": 0.0,
        "Races Left: 15": 0.0,
        "Races Left: 14": 0.00011111111111111112,
        "Races Left: 13": 0.0001,
        "Races Left: 12": 0.0001,
        "Races Left: 11": 0.0009000000000000001,
        "Races Left: 10": 0.0017272727272727275,
        "Races Left: 9": 0.0029090909090909093,
        "Races Left: 8": 0.004454545454545455,
        "Races Left: 7": 0.006727272727272727,
        "Races Left: 6": 0.011363636363636364,
        "Races Left: 5": 0.01672727272727273,
        "Races Left: 4": 0.028,
        "Races Left: 3": 0.03827272727272727,
        "Races Left: 2": 0.034,
        "Races Left: 1": 0.14745454545454545
    },
    "T3 Correct": {
        "Races Left: 18": 0.287,